gene_name,func_oddspath,func_evidence,lof_oddspath,lof_evidence,predictor
BRCA1,0.01429954569151709,BS3,65.49753694581288,PS3,clinvar
BRCA1,0.3474573047811038,BS3_supporting,8.286170095720102,PS3_moderate,AlphaMissense
BRCA1,1.8859649122807012,Indetermine,0.11578947368421051,BS3_moderate,Regular EVE
BRCA1,0.23973589619785557,BS3_supporting,6.495857570950114,PS3_moderate,popEVE
BRCA1,74.179831932774,PS3,0.17153471915081814,BS3_moderate,Varity
